Author1,Author2,Weight
Federico,Álvaro Ortega,1
Federico,Milano,2
Federico,Manjavacas,1
Álvaro Ortega,Milano,1
Álvaro Ortega,Manjavacas,1
Milano,Manjavacas,1
Awan,Aamir Hussain,1
Awan,Chughtai,1
Awan,Muhammad Saqib,1
Aamir Hussain,Chughtai,1
Aamir Hussain,Muhammad Saqib,1
Chughtai,Muhammad Saqib,1
Yan,Ziming,1
Yan,Xu,1
Ziming,Xu,1
Meliopoulos,Wang,1
Meliopoulos,Antonio,1
Meliopoulos,Tianshu,1
Meliopoulos,Bikash,1
Meliopoulos,Netto,1
Meliopoulos,Ali,1
Meliopoulos,Mili,1
Meliopoulos,Shahrokh,1
Meliopoulos,Akhlaghi,1
Meliopoulos,Zhao,1
Meliopoulos,Junbo,1
Meliopoulos,Lamine,1
Meliopoulos,Abur,1
Meliopoulos,Huang,1
Meliopoulos,Abhinav Kumar,1
Meliopoulos,Innocent,1
Meliopoulos,Marcos,1
Meliopoulos,Bi,1
Meliopoulos,Shaobu,1
Meliopoulos,Pal,1
Meliopoulos,Samson Shenglong,1
Meliopoulos,A. P. Sakis,1
Meliopoulos,Vladimir,1
Meliopoulos,Singh,1
Meliopoulos,Rouhani,1
Meliopoulos,Alireza,1
Meliopoulos,Kamwa,1
Meliopoulos,Gomez-Exposito,1
Meliopoulos,Yu,1
Meliopoulos,Zhenyu,1
Meliopoulos,Terzija,1
Wang,Antonio,1
Wang,Tianshu,1
Wang,Bikash,1
Wang,Netto,1
Wang,Ali,1
Wang,Mili,1
Wang,Shahrokh,1
Wang,Akhlaghi,1
Wang,Zhao,1
Wang,Junbo,1
Wang,Lamine,1
Wang,Abur,1
Wang,Huang,1
Wang,Abhinav Kumar,1
Wang,Innocent,1
Wang,Marcos,1
Wang,Bi,1
Wang,Shaobu,1
Wang,Pal,1
Wang,Samson Shenglong,1
Wang,A. P. Sakis,1
Wang,Vladimir,1
Wang,Singh,1
Wang,Rouhani,1
Wang,Alireza,1
Wang,Kamwa,1
Wang,Gomez-Exposito,1
Wang,Yu,1
Wang,Zhenyu,1
Wang,Terzija,1
Antonio,Tianshu,1
Antonio,Bikash,1
Antonio,Netto,1
Antonio,Ali,1
Antonio,Mili,1
Antonio,Shahrokh,1
Antonio,Akhlaghi,1
Antonio,Zhao,1
Antonio,Junbo,1
Antonio,Lamine,1
Antonio,Abur,1
Antonio,Huang,1
Antonio,Abhinav Kumar,1
Antonio,Innocent,1
Antonio,Marcos,1
Antonio,Bi,1
Antonio,Shaobu,1
Antonio,Pal,1
Antonio,Samson Shenglong,1
Antonio,A. P. Sakis,1
Antonio,Vladimir,1
Antonio,Singh,1
Antonio,Rouhani,1
Antonio,Alireza,1
Antonio,Kamwa,1
Antonio,Gomez-Exposito,1
Antonio,Yu,1
Antonio,Zhenyu,1
Antonio,Terzija,1
Tianshu,Bikash,1
Tianshu,Netto,1
Tianshu,Ali,1
Tianshu,Mili,1
Tianshu,Shahrokh,1
Tianshu,Akhlaghi,1
Tianshu,Zhao,1
Tianshu,Junbo,1
Tianshu,Lamine,1
Tianshu,Abur,1
Tianshu,Huang,1
Tianshu,Abhinav Kumar,1
Tianshu,Innocent,1
Tianshu,Marcos,1
Tianshu,Bi,1
Tianshu,Shaobu,1
Tianshu,Pal,1
Tianshu,Samson Shenglong,1
Tianshu,A. P. Sakis,1
Tianshu,Vladimir,1
Tianshu,Singh,1
Tianshu,Rouhani,1
Tianshu,Alireza,1
Tianshu,Kamwa,1
Tianshu,Gomez-Exposito,1
Tianshu,Yu,1
Tianshu,Zhenyu,1
Tianshu,Terzija,1
Bikash,Netto,1
Bikash,Ali,1
Bikash,Mili,1
Bikash,Shahrokh,1
Bikash,Akhlaghi,1
Bikash,Zhao,1
Bikash,Junbo,1
Bikash,Lamine,1
Bikash,Abur,1
Bikash,Huang,1
Bikash,Abhinav Kumar,1
Bikash,Innocent,1
Bikash,Marcos,1
Bikash,Bi,1
Bikash,Shaobu,1
Bikash,Pal,1
Bikash,Samson Shenglong,1
Bikash,A. P. Sakis,1
Bikash,Vladimir,1
Bikash,Singh,1
Bikash,Rouhani,1
Bikash,Alireza,1
Bikash,Kamwa,1
Bikash,Gomez-Exposito,1
Bikash,Yu,1
Bikash,Zhenyu,1
Bikash,Terzija,1
Netto,Ali,1
Netto,Mili,1
Netto,Shahrokh,1
Netto,Akhlaghi,1
Netto,Zhao,1
Netto,Junbo,1
Netto,Lamine,1
Netto,Abur,1
Netto,Huang,1
Netto,Abhinav Kumar,1
Netto,Innocent,1
Netto,Marcos,1
Netto,Bi,1
Netto,Shaobu,1
Netto,Pal,1
Netto,Samson Shenglong,1
Netto,A. P. Sakis,1
Netto,Vladimir,1
Netto,Singh,1
Netto,Rouhani,1
Netto,Alireza,1
Netto,Kamwa,1
Netto,Gomez-Exposito,1
Netto,Yu,1
Netto,Zhenyu,1
Netto,Terzija,1
Ali,Mili,1
Ali,Shahrokh,1
Ali,Akhlaghi,1
Ali,Zhao,1
Ali,Junbo,1
Ali,Lamine,1
Ali,Abur,1
Ali,Huang,1
Ali,Abhinav Kumar,1
Ali,Innocent,1
Ali,Marcos,1
Ali,Bi,1
Ali,Shaobu,1
Ali,Pal,1
Ali,Samson Shenglong,1
Ali,A. P. Sakis,1
Ali,Vladimir,1
Ali,Singh,1
Ali,Rouhani,1
Ali,Alireza,1
Ali,Kamwa,1
Ali,Gomez-Exposito,1
Ali,Yu,1
Ali,Zhenyu,1
Ali,Terzija,1
Mili,Shahrokh,1
Mili,Akhlaghi,1
Mili,Zhao,1
Mili,Junbo,1
Mili,Lamine,1
Mili,Abur,1
Mili,Huang,1
Mili,Abhinav Kumar,1
Mili,Innocent,1
Mili,Marcos,1
Mili,Bi,1
Mili,Shaobu,1
Mili,Pal,1
Mili,Samson Shenglong,1
Mili,A. P. Sakis,1
Mili,Vladimir,1
Mili,Singh,1
Mili,Rouhani,1
Mili,Alireza,1
Mili,Kamwa,1
Mili,Gomez-Exposito,1
Mili,Yu,1
Mili,Zhenyu,1
Mili,Terzija,1
Shahrokh,Akhlaghi,1
Shahrokh,Zhao,1
Shahrokh,Junbo,1
Shahrokh,Lamine,1
Shahrokh,Abur,1
Shahrokh,Huang,1
Shahrokh,Abhinav Kumar,1
Shahrokh,Innocent,1
Shahrokh,Marcos,1
Shahrokh,Bi,1
Shahrokh,Shaobu,1
Shahrokh,Pal,1
Shahrokh,Samson Shenglong,1
Shahrokh,A. P. Sakis,1
Shahrokh,Vladimir,1
Shahrokh,Singh,1
Shahrokh,Rouhani,1
Shahrokh,Alireza,1
Shahrokh,Kamwa,1
Shahrokh,Gomez-Exposito,1
Shahrokh,Yu,1
Shahrokh,Zhenyu,1
Shahrokh,Terzija,1
Akhlaghi,Zhao,1
Akhlaghi,Junbo,1
Akhlaghi,Lamine,1
Akhlaghi,Abur,1
Akhlaghi,Huang,1
Akhlaghi,Abhinav Kumar,1
Akhlaghi,Innocent,1
Akhlaghi,Marcos,1
Akhlaghi,Bi,1
Akhlaghi,Shaobu,1
Akhlaghi,Pal,1
Akhlaghi,Samson Shenglong,1
Akhlaghi,A. P. Sakis,1
Akhlaghi,Vladimir,1
Akhlaghi,Singh,1
Akhlaghi,Rouhani,1
Akhlaghi,Alireza,1
Akhlaghi,Kamwa,1
Akhlaghi,Gomez-Exposito,1
Akhlaghi,Yu,1
Akhlaghi,Zhenyu,1
Akhlaghi,Terzija,1
Zhao,Junbo,1
Zhao,Lamine,1
Zhao,Abur,1
Zhao,Huang,1
Zhao,Abhinav Kumar,1
Zhao,Innocent,1
Zhao,Marcos,1
Zhao,Bi,1
Zhao,Shaobu,1
Zhao,Pal,1
Zhao,Samson Shenglong,1
Zhao,A. P. Sakis,1
Zhao,Vladimir,1
Zhao,Singh,1
Zhao,Rouhani,1
Zhao,Alireza,1
Zhao,Kamwa,1
Zhao,Gomez-Exposito,1
Zhao,Yu,1
Zhao,Zhenyu,1
Zhao,Terzija,1
Junbo,Lamine,1
Junbo,Abur,1
Junbo,Huang,1
Junbo,Abhinav Kumar,1
Junbo,Innocent,1
Junbo,Marcos,1
Junbo,Bi,1
Junbo,Shaobu,1
Junbo,Pal,1
Junbo,Samson Shenglong,1
Junbo,A. P. Sakis,1
Junbo,Vladimir,1
Junbo,Singh,1
Junbo,Rouhani,1
Junbo,Alireza,1
Junbo,Kamwa,1
Junbo,Gomez-Exposito,1
Junbo,Yu,1
Junbo,Zhenyu,1
Junbo,Terzija,1
Lamine,Abur,1
Lamine,Huang,1
Lamine,Abhinav Kumar,1
Lamine,Innocent,1
Lamine,Marcos,1
Lamine,Bi,1
Lamine,Shaobu,1
Lamine,Pal,1
Lamine,Samson Shenglong,1
Lamine,A. P. Sakis,1
Lamine,Vladimir,1
Lamine,Singh,1
Lamine,Rouhani,1
Lamine,Alireza,1
Lamine,Kamwa,1
Lamine,Gomez-Exposito,1
Lamine,Yu,1
Lamine,Zhenyu,1
Lamine,Terzija,1
Abur,Huang,1
Abur,Abhinav Kumar,1
Abur,Innocent,1
Abur,Marcos,1
Abur,Bi,1
Abur,Shaobu,1
Abur,Pal,1
Abur,Samson Shenglong,1
Abur,A. P. Sakis,1
Abur,Vladimir,1
Abur,Singh,1
Abur,Rouhani,1
Abur,Alireza,1
Abur,Kamwa,1
Abur,Gomez-Exposito,1
Abur,Yu,1
Abur,Zhenyu,1
Abur,Terzija,1
Huang,Abhinav Kumar,1
Huang,Innocent,1
Huang,Marcos,1
Huang,Bi,1
Huang,Shaobu,1
Huang,Pal,1
Huang,Samson Shenglong,1
Huang,A. P. Sakis,1
Huang,Vladimir,1
Huang,Singh,1
Huang,Rouhani,1
Huang,Alireza,1
Huang,Kamwa,1
Huang,Gomez-Exposito,1
Huang,Yu,1
Huang,Zhenyu,1
Huang,Terzija,1
Abhinav Kumar,Innocent,1
Abhinav Kumar,Marcos,1
Abhinav Kumar,Bi,1
Abhinav Kumar,Shaobu,1
Abhinav Kumar,Pal,1
Abhinav Kumar,Samson Shenglong,1
Abhinav Kumar,A. P. Sakis,1
Abhinav Kumar,Vladimir,1
Abhinav Kumar,Singh,1
Abhinav Kumar,Rouhani,1
Abhinav Kumar,Alireza,1
Abhinav Kumar,Kamwa,1
Abhinav Kumar,Gomez-Exposito,1
Abhinav Kumar,Yu,1
Abhinav Kumar,Zhenyu,1
Abhinav Kumar,Terzija,1
Innocent,Marcos,1
Innocent,Bi,1
Innocent,Shaobu,1
Innocent,Pal,1
Innocent,Samson Shenglong,1
Innocent,A. P. Sakis,1
Innocent,Vladimir,1
Innocent,Singh,1
Innocent,Rouhani,1
Innocent,Alireza,1
Innocent,Kamwa,1
Innocent,Gomez-Exposito,1
Innocent,Yu,1
Innocent,Zhenyu,1
Innocent,Terzija,1
Marcos,Bi,1
Marcos,Shaobu,1
Marcos,Pal,1
Marcos,Samson Shenglong,1
Marcos,A. P. Sakis,1
Marcos,Vladimir,1
Marcos,Singh,1
Marcos,Rouhani,1
Marcos,Alireza,1
Marcos,Kamwa,1
Marcos,Gomez-Exposito,1
Marcos,Yu,1
Marcos,Zhenyu,1
Marcos,Terzija,1
Bi,Shaobu,1
Bi,Pal,1
Bi,Samson Shenglong,1
Bi,A. P. Sakis,1
Bi,Vladimir,1
Bi,Singh,1
Bi,Rouhani,1
Bi,Alireza,1
Bi,Kamwa,1
Bi,Gomez-Exposito,1
Bi,Yu,1
Bi,Zhenyu,1
Bi,Terzija,1
Shaobu,Pal,1
Shaobu,Samson Shenglong,1
Shaobu,A. P. Sakis,1
Shaobu,Vladimir,1
Shaobu,Singh,1
Shaobu,Rouhani,1
Shaobu,Alireza,1
Shaobu,Kamwa,1
Shaobu,Gomez-Exposito,1
Shaobu,Yu,1
Shaobu,Zhenyu,1
Shaobu,Terzija,1
Pal,Samson Shenglong,1
Pal,A. P. Sakis,1
Pal,Vladimir,1
Pal,Singh,1
Pal,Rouhani,1
Pal,Alireza,1
Pal,Kamwa,1
Pal,Gomez-Exposito,1
Pal,Yu,1
Pal,Zhenyu,1
Pal,Terzija,1
Samson Shenglong,A. P. Sakis,1
Samson Shenglong,Vladimir,1
Samson Shenglong,Singh,1
Samson Shenglong,Rouhani,1
Samson Shenglong,Alireza,1
Samson Shenglong,Kamwa,1
Samson Shenglong,Gomez-Exposito,1
Samson Shenglong,Yu,1
Samson Shenglong,Zhenyu,1
Samson Shenglong,Terzija,1
A. P. Sakis,Vladimir,1
A. P. Sakis,Singh,1
A. P. Sakis,Rouhani,1
A. P. Sakis,Alireza,1
A. P. Sakis,Kamwa,1
A. P. Sakis,Gomez-Exposito,1
A. P. Sakis,Yu,1
A. P. Sakis,Zhenyu,1
A. P. Sakis,Terzija,1
Vladimir,Singh,1
Vladimir,Rouhani,1
Vladimir,Alireza,1
Vladimir,Kamwa,1
Vladimir,Gomez-Exposito,1
Vladimir,Yu,1
Vladimir,Zhenyu,1
Vladimir,Terzija,1
Singh,Rouhani,1
Singh,Alireza,1
Singh,Kamwa,1
Singh,Gomez-Exposito,1
Singh,Yu,1
Singh,Zhenyu,1
Singh,Terzija,1
Rouhani,Alireza,1
Rouhani,Kamwa,1
Rouhani,Gomez-Exposito,1
Rouhani,Yu,1
Rouhani,Zhenyu,1
Rouhani,Terzija,1
Alireza,Kamwa,1
Alireza,Gomez-Exposito,1
Alireza,Yu,1
Alireza,Zhenyu,1
Alireza,Terzija,1
Kamwa,Gomez-Exposito,1
Kamwa,Yu,1
Kamwa,Zhenyu,1
Kamwa,Terzija,1
Gomez-Exposito,Yu,1
Gomez-Exposito,Zhenyu,1
Gomez-Exposito,Terzija,1
Yu,Zhenyu,1
Yu,Terzija,1
Zhenyu,Terzija,1
Rezmer,Jacek,1
Rezmer,Tadeusz,1
Rezmer,Lobos,1
Jacek,Tadeusz,1
Jacek,Lobos,1
Tadeusz,Lobos,1
Kutluyil,Arablouei,2
Kutluyil,Stefan,2
Kutluyil,Reza,2
Kutluyil,Werner,2
Kutluyil,Dogancay,2
Arablouei,Stefan,2
Arablouei,Reza,2
Arablouei,Werner,2
Arablouei,Dogancay,2
Stefan,Reza,2
Stefan,Werner,2
Stefan,Dogancay,2
Reza,Werner,2
Reza,Dogancay,2
Werner,Dogancay,2
Amangaldi,Radmehr,1
Amangaldi,Koochaki,1
Amangaldi,Hosseini,1
Amangaldi,Hadieh Sadat,1
Amangaldi,Masoud,1
Radmehr,Koochaki,1
Radmehr,Hosseini,1
Radmehr,Hadieh Sadat,1
Radmehr,Masoud,1
Koochaki,Hosseini,1
Koochaki,Hadieh Sadat,1
Koochaki,Masoud,1
Hosseini,Hadieh Sadat,1
Hosseini,Masoud,1
Hadieh Sadat,Masoud,1
Denis,Rosane,3
Denis,Ushirobira,3
Denis,Efimov,3
Denis,Hafiz,3
Denis,Ahmed,3
Rosane,Ushirobira,3
Rosane,Efimov,3
Rosane,Hafiz,3
Rosane,Ahmed,3
Ushirobira,Efimov,3
Ushirobira,Hafiz,3
Ushirobira,Ahmed,3
Efimov,Hafiz,3
Efimov,Ahmed,3
Hafiz,Ahmed,4
Mohamed,Biricik,1
Mohamed,Benbouzid,1
Mohamed,Samet,1
Mohamed,Hafiz,1
Mohamed,Ahmed,1
Biricik,Benbouzid,1
Biricik,Samet,1
Biricik,Hafiz,1
Biricik,Ahmed,1
Benbouzid,Samet,1
Benbouzid,Hafiz,1
Benbouzid,Ahmed,1
Samet,Hafiz,1
Samet,Ahmed,1
S M,M,1
S M,Seyedi,1
S M,H,1
S M,Hashemi,1
S M,Roustaei,1
M,Seyedi,1
M,H,1
M,Hashemi,1
M,Roustaei,1
Seyedi,H,1
Seyedi,Hashemi,1
Seyedi,Roustaei,1
H,Hashemi,1
H,Roustaei,1
Hashemi,Roustaei,1
Nikos,Federico,1
Nikos,Messina,1
Nikos,Bevrani,1
Nikos,Golpîra,1
Nikos,Milano,1
Nikos,Ise,1
Nikos,Hassan,1
Nikos,Hêmin,1
Nikos,Arturo Román,1
Nikos,Toshifumi,1
Nikos,Hatziargyriou,1
Federico,Messina,1
Federico,Bevrani,1
Federico,Golpîra,1
Federico,Ise,1
Federico,Hassan,1
Federico,Hêmin,1
Federico,Arturo Román,1
Federico,Toshifumi,1
Federico,Hatziargyriou,1
Messina,Bevrani,1
Messina,Golpîra,1
Messina,Milano,1
Messina,Ise,1
Messina,Hassan,1
Messina,Hêmin,1
Messina,Arturo Román,1
Messina,Toshifumi,1
Messina,Hatziargyriou,1
Bevrani,Golpîra,1
Bevrani,Milano,1
Bevrani,Ise,1
Bevrani,Hassan,1
Bevrani,Hêmin,1
Bevrani,Arturo Román,1
Bevrani,Toshifumi,1
Bevrani,Hatziargyriou,1
Golpîra,Milano,1
Golpîra,Ise,1
Golpîra,Hassan,1
Golpîra,Hêmin,1
Golpîra,Arturo Román,1
Golpîra,Toshifumi,1
Golpîra,Hatziargyriou,1
Milano,Ise,1
Milano,Hassan,1
Milano,Hêmin,1
Milano,Arturo Román,1
Milano,Toshifumi,1
Milano,Hatziargyriou,1
Ise,Hassan,1
Ise,Hêmin,1
Ise,Arturo Román,1
Ise,Toshifumi,1
Ise,Hatziargyriou,1
Hassan,Hêmin,1
Hassan,Arturo Román,1
Hassan,Toshifumi,1
Hassan,Hatziargyriou,1
Hêmin,Arturo Román,1
Hêmin,Toshifumi,1
Hêmin,Hatziargyriou,1
Arturo Román,Toshifumi,1
Arturo Román,Hatziargyriou,1
Toshifumi,Hatziargyriou,1
El-Shafey,M.M.,1
El-Shafey,M.H.,1
El-Shafey,Mansour,1
M.M.,M.H.,1
M.M.,Mansour,1
M.H.,Mansour,1
Wang,Dong,1
Wang,Bogang,1
Wang,Bo,1
Wang,Hongli,1
Wang,Zidong,1
Wang,Qu,1
Wang,Shen,1
Dong,Bogang,1
Dong,Bo,1
Dong,Hongli,1
Dong,Zidong,1
Dong,Qu,1
Dong,Shen,1
Bogang,Bo,1
Bogang,Hongli,1
Bogang,Zidong,1
Bogang,Qu,1
Bogang,Shen,1
Bo,Hongli,1
Bo,Zidong,1
Bo,Qu,1
Bo,Shen,1
Hongli,Zidong,1
Hongli,Qu,1
Hongli,Shen,1
Zidong,Qu,1
Zidong,Shen,1
Qu,Shen,1
Dipti,Dhivya Sampath,1
Dipti,Srinivasan,1
Dipti,Gandhi,1
Dipti,Carlos D.,1
Dipti,Kumar,1
Dipti,Oktoviano,1
Dipti,Rodríguez-Gallegos,1
Dhivya Sampath,Srinivasan,1
Dhivya Sampath,Gandhi,1
Dhivya Sampath,Carlos D.,1
Dhivya Sampath,Kumar,1
Dhivya Sampath,Oktoviano,1
Dhivya Sampath,Rodríguez-Gallegos,1
Srinivasan,Gandhi,1
Srinivasan,Carlos D.,1
Srinivasan,Kumar,1
Srinivasan,Oktoviano,1
Srinivasan,Rodríguez-Gallegos,1
Gandhi,Carlos D.,1
Gandhi,Kumar,1
Gandhi,Oktoviano,1
Gandhi,Rodríguez-Gallegos,1
Carlos D.,Kumar,1
Carlos D.,Oktoviano,1
Carlos D.,Rodríguez-Gallegos,1
Kumar,Oktoviano,1
Kumar,Rodríguez-Gallegos,1
Oktoviano,Rodríguez-Gallegos,1
Gençol,Kenan,1
Girgis,Aziz,1
Girgis,Mohamed,1
Girgis,Hany,1
Girgis,Nayel,1
Girgis,Christina,1
Aziz,Mohamed,1
Aziz,Hany,1
Aziz,Nayel,1
Aziz,Christina,1
Mohamed,Hany,1
Mohamed,Nayel,1
Mohamed,Christina,1
Hany,Nayel,1
Hany,Christina,1
Nayel,Christina,1
E.S.,Karapidakis,1
Karimi-Ghartemani,H.,1
Karimi-Ghartemani,Iravani,1
Karimi-Ghartemani,Karimi,1
Karimi-Ghartemani,M.R.,1
Karimi-Ghartemani,M.,1
H.,Iravani,1
H.,Karimi,1
H.,M.R.,1
H.,M.,1
Iravani,Karimi,1
Iravani,M.R.,1
Iravani,M.,1
Karimi,M.R.,1
Karimi,M.,1
M.R.,M.,1
P.,Sigmar,1
P.,Marcelo S.,1
P.,Diego,1
P.,De Padua,1
P.,Coln,1
P.,M.,1
P.,Fernando,1
Sigmar,Marcelo S.,1
Sigmar,Diego,1
Sigmar,De Padua,1
Sigmar,Coln,1
Sigmar,M.,1
Sigmar,Fernando,1
Marcelo S.,Diego,1
Marcelo S.,De Padua,1
Marcelo S.,Coln,1
Marcelo S.,M.,1
Marcelo S.,Fernando,1
Diego,De Padua,1
Diego,Coln,1
Diego,M.,1
Diego,Fernando,1
De Padua,Coln,1
De Padua,M.,1
De Padua,Fernando,1
Coln,M.,1
Coln,Fernando,1
M.,Fernando,1
Zhang,Peng,1
Zhang,Hong-Bin,1
Zhang,Li,1
Peng,Hong-Bin,1
Peng,Li,1
Hong-Bin,Li,1
Basak,Pradhan,1
Basak,A.,1
Basak,A.K.,1
Basak,Routray,1
Pradhan,A.,1
Pradhan,A.K.,1
Pradhan,Routray,1
A.,A.K.,1
A.,Routray,1
A.K.,Routray,1
Mladen,Qian,1
Mladen,Kezunovic,1
Mladen,Cheng,1
Qian,Kezunovic,1
Qian,Cheng,1
Kezunovic,Cheng,1
Radil,Ramos,1
Radil,Pedro M.,1
Radil,Tomas,1
Radil,A.,1
Radil,Cruz Serra,1
Ramos,Pedro M.,1
Ramos,Tomas,1
Ramos,A.,1
Ramos,Cruz Serra,1
Pedro M.,Tomas,1
Pedro M.,A.,1
Pedro M.,Cruz Serra,1
Tomas,A.,1
Tomas,Cruz Serra,1
A.,Cruz Serra,1
Kezunovic,Mladen,1
Kezunovic,Jinfeng,1
Kezunovic,Ren,1
Mladen,Jinfeng,1
Mladen,Ren,1
Jinfeng,Ren,1
Jeremy,Wu,1
Jeremy,Xiaofeng,1
Jeremy,Soh,1
Wu,Xiaofeng,1
Wu,Soh,1
Xiaofeng,Soh,1
Rebizant,J.,1
Rebizant,W.,1
Rebizant,Szafran,1
J.,W.,1
J.,Szafran,1
W.,Szafran,1
Mu,Xing,1
Mu,Jinlei,1
Mu,Longhua,1
Xing,Jinlei,1
Xing,Longhua,1
Jinlei,Longhua,1
